-0.037822186946868896,0.040892086923122406,0.04800505191087723,-0.03255533054471016,-0.1057346761226654,-0.0164021048694849,-0.060359351336956024,-0.14303310215473175,0.1270328313112259,-0.15526536107063293,0.24579013884067535,-0.06040420010685921,-0.2512357234954834,-0.0302403774112463,-0.07536505162715912,0.14755146205425262,-0.1265219748020172,-0.0910838320851326,-0.009734902530908585,-0.01734359934926033,0.08766936510801315,0.05702691897749901,0.0514795258641243,0.05174604803323746,-0.11506427824497223,-0.34577155113220215,-0.11294855177402496,-0.0764731913805008,-0.07617515325546265,-0.009701073169708252,-0.05409375578165054,0.011239499785006046,-0.13818536698818207,-0.018802810460329056,0.03082653135061264,0.014435244724154472,-0.058847103267908096,-0.09393619745969772,0.233086958527565,3.355368971824646e-05,-0.2204785943031311,-0.020989641547203064,0.06831949204206467,0.20440548658370972,0.12202178686857224,0.058909013867378235,-4.884973168373108e-05,-0.16786818206310272,0.07462169229984283,-0.2019309103488922,0.047341346740722656,0.13743355870246887,0.00141590042039752,0.04184945300221443,-0.0043898820877075195,-0.14644093811511993,0.05278588831424713,0.07107933610677719,-0.15177419781684875,0.008658720180392265,0.06384123116731644,-0.1162743866443634,-0.007827453315258026,-0.051221366971731186,0.20421232283115387,0.07888822257518768,-0.11742906272411346,-0.1355123519897461,0.047892920672893524,-0.2083732783794403,-0.09597518295049667,0.04709649831056595,-0.13231061398983002,-0.23848594725131989,-0.35208526253700256,0.010343721136450768,0.42773547768592834,0.16622689366340637,-0.1523945927619934,0.024833206087350845,0.003588608931750059,-0.011722254566848278,0.20481884479522705,0.1665089726448059,-0.035224273800849915,0.011801719665527344,-0.10855480283498764,0.03577220067381859,0.19894246757030487,-0.08089422434568405,-0.07946889102458954,0.25801345705986023,-0.017963165417313576,0.12146100401878357,0.05715404450893402,0.09864179790019989,-0.08480675518512726,0.04546630382537842,-0.10922032594680786,0.060551151633262634,0.09874208271503448,-0.014322098344564438,0.03964703530073166,0.12383510172367096,-0.16240955889225006,0.08732248842716217,-0.052385084331035614,-0.05371103063225746,0.04276755452156067,-0.03281383961439133,-0.14834560453891754,-0.08344044536352158,0.12630371749401093,-0.20522597432136536,0.12815475463867188,0.15551893413066864,0.06986251473426819,0.18241557478904724,0.15053759515285492,0.0696309506893158,-0.03870677202939987,-0.040602561086416245,-0.2305159866809845,-0.02031884714961052,0.09209026396274567,0.016574129462242126,0.1454996019601822,-0.007504526525735855
-0.0924176499247551,0.06221507117152214,0.010243434458971024,-0.020168859511613846,-0.10453736782073975,-0.016318487003445625,-0.037979237735271454,-0.17078185081481934,0.1246863454580307,-0.11522038280963898,0.2242407500743866,-0.032196737825870514,-0.27944010496139526,-0.0027018492110073566,-0.06225636601448059,0.14131304621696472,-0.18543538451194763,-0.08712033927440643,-0.07560881972312927,-0.023654788732528687,0.12206930667161942,0.07288318127393723,0.09407611191272736,0.1126965880393982,-0.10123146325349808,-0.3194406032562256,-0.0827891156077385,-0.0970904678106308,-0.025496304035186768,-0.04030093923211098,-0.0161381084471941,-0.019308386370539665,-0.13967634737491608,0.05844082683324814,0.0056403689086437225,0.07969877123832703,-0.07060912251472473,-0.10375286638736725,0.22059333324432373,-0.044516146183013916,-0.2553519010543823,-0.0038718990981578827,0.01090752612799406,0.1777878999710083,0.21515211462974548,0.0060915215872228146,0.021437520161271095,-0.15700972080230713,0.09876835346221924,-0.2535320818424225,0.039454199373722076,0.17332114279270172,-0.002593597397208214,0.02273600548505783,0.008026989176869392,-0.1722186952829361,-0.026245590299367905,0.1316649615764618,-0.1488295942544937,-0.02863691933453083,0.04950965940952301,-0.07819420844316483,0.030279887840151787,-0.059265751391649246,0.15928950905799866,0.08990148454904556,-0.15765522420406342,-0.13264258205890656,0.11007299274206161,-0.2628980875015259,-0.062414903193712234,0.1066814512014389,-0.1402329057455063,-0.278984397649765,-0.2878178656101227,0.0018234103918075562,0.47934243083000183,0.13228310644626617,-0.13734322786331177,0.012658034451305866,-0.056932851672172546,-0.01163707859814167,0.1352287381887436,0.13276638090610504,-0.001990651711821556,-0.014270827174186707,-0.1616373360157013,0.04103224724531174,0.22765573859214783,-0.09510475397109985,-0.04591207206249237,0.27938970923423767,0.0252960417419672,0.05011952668428421,0.06548548489809036,0.11657952517271042,-0.062452010810375214,0.01861981488764286,-0.12256545573472977,0.05633946508169174,-0.036918021738529205,-0.04194878414273262,-0.015182378701865673,0.056389931589365005,-0.1131015196442604,0.14259447157382965,-0.020371034741401672,-0.05146678537130356,-0.031073572114109993,-0.06708836555480957,-0.14932994544506073,-0.05480162799358368,0.17086997628211975,-0.24020648002624512,0.15162527561187744,0.16039511561393738,0.07316624373197556,0.20909614861011505,0.059137240052223206,0.11732214689254761,-0.03552846610546112,-0.054689161479473114,-0.2115687131881714,-0.02663208171725273,0.07563081383705139,0.009080992080271244,0.07957666367292404,-0.011051584035158157
-0.05695093795657158,0.031239166855812073,0.055253464728593826,-0.021404558792710304,-0.12760663032531738,0.01568472757935524,-0.08990738540887833,-0.16909116506576538,0.08633732050657272,-0.14486674964427948,0.2236240655183792,-0.06078748404979706,-0.21410566568374634,-0.050189126282930374,-0.07157421857118607,0.18824917078018188,-0.17078416049480438,-0.10479805618524551,-0.015478551387786865,-0.01872156374156475,0.09910158067941666,0.06508447974920273,0.05227851867675781,0.043687764555215836,-0.15452422201633453,-0.3523849844932556,-0.10795515775680542,-0.11744464933872223,-0.05372151732444763,-0.04759380593895912,-0.07125958055257797,0.019894523546099663,-0.11509990692138672,0.050532884895801544,0.02385244518518448,0.06632928550243378,-0.00996355526149273,-0.11147906631231308,0.19313248991966248,-0.03383098542690277,-0.2775176167488098,0.037103258073329926,0.06730835884809494,0.16752271354198456,0.18919631838798523,0.022753989323973656,0.01845427043735981,-0.14311200380325317,0.1281944215297699,-0.15512733161449432,0.037228040397167206,0.09988200664520264,-0.008569369092583656,0.052437447011470795,0.00219870638102293,-0.1749458909034729,-0.019849156960844994,0.09188297390937805,-0.08368030190467834,-0.020312583073973656,0.03279133513569832,-0.11628443002700806,0.022287754341959953,-0.08226145803928375,0.18214771151542664,0.07119474560022354,-0.13104383647441864,-0.14897261559963226,0.07561610639095306,-0.20242100954055786,-0.07112603634595871,0.08502251654863358,-0.17757587134838104,-0.20179106295108795,-0.32497742772102356,-0.007108999416232109,0.41657987236976624,0.11739283055067062,-0.19304707646369934,-0.005312283523380756,0.016274046152830124,0.037275832146406174,0.19938775897026062,0.21407371759414673,0.054618701338768005,0.018493082374334335,-0.10716784000396729,-0.00442122295498848,0.2345847487449646,-0.10629822313785553,-0.04800357297062874,0.2639007866382599,-0.02227211184799671,0.12194538861513138,0.04224573075771332,0.10251662135124207,-0.06854595243930817,0.028294317424297333,-0.0637550950050354,0.04640253633260727,0.03729768469929695,-0.008304699324071407,0.00826827809214592,0.115157350897789,-0.10915371030569077,0.09706982225179672,-0.043622978031635284,0.02979067526757717,0.027051161974668503,-0.014362338930368423,-0.08025316894054413,-0.07604409009218216,0.1422797292470932,-0.22326846420764923,0.1349915713071823,0.17412205040454865,0.017124470323324203,0.17122086882591248,0.09717310220003128,0.12671732902526855,-0.07470189034938812,-0.02992907539010048,-0.239299476146698,0.0013884687796235085,0.08793393522500992,-0.0004101656377315521,0.08502327650785446,-0.010538686066865921
-0.09558193385601044,0.034383274614810944,0.09168960899114609,-0.020666686818003654,-0.1240624487400055,0.046530432999134064,-0.0864427238702774,-0.14242146909236908,0.05530913546681404,-0.1325337439775467,0.24669304490089417,-0.05467281490564346,-0.23100949823856354,-0.037244491279125214,-0.06153498589992523,0.15122322738170624,-0.1728268265724182,-0.06470920145511627,-0.014916482381522655,-0.008189739659428596,0.07125063985586166,0.0687033161520958,0.022390056401491165,0.010654580779373646,-0.150389164686203,-0.34907519817352295,-0.08662649244070053,-0.08816387504339218,-0.03476164489984512,-0.033832453191280365,-0.05171319842338562,0.016565751284360886,-0.10933447629213333,0.07197912037372589,-0.005998636595904827,0.09429769217967987,-0.07012555003166199,-0.05435570701956749,0.1827990859746933,-0.007048122119158506,-0.2603813111782074,0.006771879270672798,0.055022891610860825,0.1877337545156479,0.2062101662158966,0.04214922711253166,0.006486479192972183,-0.12273520976305008,0.0757644772529602,-0.18747182190418243,0.07363510131835938,0.12081277370452881,-0.008274775929749012,0.06523674726486206,0.020879605785012245,-0.16579408943653107,-0.036931224167346954,0.08486491441726685,-0.07403648644685745,-0.007717373315244913,0.043007414788007736,-0.10993923991918564,0.027408190071582794,-0.05693163350224495,0.15515705943107605,0.06978470832109451,-0.10579877346754074,-0.15746673941612244,0.08488623797893524,-0.20718854665756226,-0.09799224883317947,0.10877270251512527,-0.13746212422847748,-0.2007843554019928,-0.33134523034095764,0.022062502801418304,0.42326483130455017,0.1368013620376587,-0.1553952395915985,-0.02159755304455757,0.019443705677986145,-0.03880263492465019,0.2141127735376358,0.17737188935279846,0.030491480603814125,-0.0003093527629971504,-0.10072004795074463,0.010433517396450043,0.20639897882938385,-0.08550702780485153,-0.03699161857366562,0.24512815475463867,-0.001146707683801651,0.08237192779779434,0.04711851477622986,0.0865163803100586,-0.06136050820350647,0.042512357234954834,-0.08933904767036438,-0.015890788286924362,0.0579439252614975,-0.027684137225151062,0.03473327308893204,0.11843225359916687,-0.12854167819023132,0.14275115728378296,-0.019849542528390884,0.01309336069971323,0.05779482051730156,-0.028857337310910225,-0.09821245074272156,-0.05224507302045822,0.17453306913375854,-0.22080276906490326,0.11675669997930527,0.16707760095596313,0.041402071714401245,0.15513087809085846,0.1392642706632614,0.1091097965836525,-0.0627453476190567,-0.029781432822346687,-0.2297624945640564,0.008357089944183826,0.05281728133559227,0.002718709409236908,0.08905473351478577,0.008928683586418629
-0.09905505180358887,0.046789973974227905,0.05109748989343643,-0.03181144595146179,-0.14702439308166504,-0.016122737899422646,-0.04953104257583618,-0.18466562032699585,0.10413016378879547,-0.13678115606307983,0.173359677195549,-0.11397232860326767,-0.2710796296596527,0.024880768731236458,-0.07993429154157639,0.17583371698856354,-0.12469621747732162,-0.14177241921424866,-0.06729769706726074,-0.031916506588459015,0.08361107110977173,0.066261887550354,0.020231718197464943,0.09689900279045105,-0.12157044559717178,-0.3165404498577118,-0.10112203657627106,-0.06690338253974915,-0.042736198753118515,-0.03704705834388733,-0.01500533614307642,0.016390671953558922,-0.12157047539949417,0.031648121774196625,-0.01638651266694069,0.09087123721837997,-0.023269038647413254,-0.12860698997974396,0.19837692379951477,-0.06568235158920288,-0.29294267296791077,-0.006484720855951309,0.08896616101264954,0.20134730637073517,0.203472301363945,0.01473237294703722,0.0033830516040325165,-0.13088136911392212,0.10200557112693787,-0.20750749111175537,0.034554362297058105,0.12620916962623596,-0.026715120300650597,0.04849642887711525,0.02465094067156315,-0.175601527094841,-0.016411807388067245,0.1403292417526245,-0.11587592214345932,-0.008368666283786297,0.04994963854551315,-0.07747876644134521,0.05556299164891243,-0.09310600906610489,0.18245188891887665,0.03311479464173317,-0.11134643852710724,-0.1101469025015831,0.1294202357530594,-0.21858470141887665,-0.05989615246653557,0.08542415499687195,-0.1726401001214981,-0.23875173926353455,-0.3214200437068939,0.03614962473511696,0.440065860748291,0.13784664869308472,-0.1140001192688942,0.056194961071014404,0.03003244288265705,0.0070951953530311584,0.15802901983261108,0.1376570165157318,0.037321753799915314,-0.008826288394629955,-0.13272987306118011,0.05273209512233734,0.24984298646450043,-0.09357606619596481,-0.024514054879546165,0.2675832211971283,-0.004144253209233284,0.02627517655491829,0.04297449439764023,0.13108569383621216,-0.07306641340255737,0.05053558200597763,-0.1270553171634674,0.051491908729076385,0.07922567427158356,-0.0029639815911650658,0.03673288971185684,0.09021592885255814,-0.10603973269462585,0.09733498096466064,-0.014207597821950912,0.002723115496337414,-0.014097079634666443,-0.030606813728809357,-0.13589036464691162,-0.05917179211974144,0.2017378956079483,-0.18746177852153778,0.12527473270893097,0.14393256604671478,0.0358639694750309,0.15950265526771545,0.09913218021392822,0.10924801230430603,-0.01595264859497547,-0.040933042764663696,-0.20511020720005035,-0.004556390456855297,0.12193460762500763,0.0026428326964378357,0.1020209938287735,0.06078120321035385
-0.038917288184165955,0.05645208805799484,0.05485294759273529,-0.016243021935224533,-0.11028516292572021,-0.024614455178380013,-0.08662962913513184,-0.15768010914325714,0.11628318578004837,-0.14783281087875366,0.23873157799243927,-0.02899910882115364,-0.23842890560626984,-0.0468645878136158,-0.07067349553108215,0.15735678374767303,-0.1355132907629013,-0.0864594504237175,-0.0011029765009880066,-0.028083156794309616,0.0828331857919693,0.06779223680496216,0.07373285293579102,0.018261948600411415,-0.12914913892745972,-0.34401223063468933,-0.11164487898349762,-0.09986938536167145,-0.07669053226709366,-0.019241269677877426,-0.0440165214240551,0.015330181457102299,-0.13086722791194916,-0.0068155936896800995,0.03169269859790802,0.013912541791796684,-0.03359225019812584,-0.09129645675420761,0.23769959807395935,-0.009008144028484821,-0.21060706675052643,-0.028022708371281624,0.06776741147041321,0.18898725509643555,0.13096067309379578,0.03008454665541649,0.016811618581414223,-0.14740467071533203,0.08462417125701904,-0.19373928010463715,0.04714073985815048,0.11659783124923706,-0.013536367565393448,0.05182166397571564,-0.0019173743203282356,-0.1349724382162094,0.05779927596449852,0.06308155506849289,-0.14062432944774628,-0.004232929088175297,0.0777837485074997,-0.11825033277273178,-0.03153330832719803,-0.021864166483283043,0.21680203080177307,0.06959178298711777,-0.11523942649364471,-0.12498018145561218,0.04157428443431854,-0.1894620954990387,-0.0926622748374939,0.043651215732097626,-0.1489531248807907,-0.2121797353029251,-0.3618285655975342,0.007276538759469986,0.40733110904693604,0.1446472853422165,-0.15356305241584778,0.022889358922839165,-0.005500395316630602,0.008279864676296711,0.19178172945976257,0.147465318441391,-0.023816633969545364,0.017393842339515686,-0.10573427379131317,0.04631664603948593,0.20411841571331024,-0.08265022188425064,-0.0818018689751625,0.26348522305488586,-0.015580376610159874,0.12799151241779327,0.054696545004844666,0.11066794395446777,-0.05822262167930603,0.010539502836763859,-0.09289105236530304,0.0644335001707077,0.12343856692314148,-0.013914257287979126,0.028527768328785896,0.13322851061820984,-0.16576114296913147,0.07546752691268921,-0.05608413740992546,-0.035092223435640335,0.0488673560321331,-0.03892473131418228,-0.14264586567878723,-0.08059278130531311,0.12978564202785492,-0.1939810812473297,0.1409088373184204,0.15938812494277954,0.04573601856827736,0.1706087589263916,0.13259665668010712,0.06209588795900345,-0.06142236292362213,-0.04647744819521904,-0.21907058358192444,-0.030209805816411972,0.08894041925668716,0.0228589940816164,0.12615717947483063,-0.0032300022430717945
-0.04960520192980766,0.06782213598489761,0.04398076608777046,-0.03893619775772095,-0.1185881495475769,-0.010294588282704353,-0.09409915655851364,-0.1524568647146225,0.1355309933423996,-0.1328049749135971,0.25516536831855774,-0.011098537594079971,-0.24889634549617767,-0.04763178154826164,-0.11283095180988312,0.18659460544586182,-0.15599331259727478,-0.10562878847122192,-0.009497743099927902,-0.004865631926804781,0.1208573505282402,0.050206296145915985,0.06668630987405777,0.0352453775703907,-0.10171958804130554,-0.3442095220088959,-0.09245675057172775,-0.09024044126272202,-0.08277661353349686,-0.01879093609750271,-0.034557193517684937,0.004747410304844379,-0.15048402547836304,0.009849946945905685,0.02326342463493347,0.011202982626855373,-0.03351270407438278,-0.13657790422439575,0.22897183895111084,0.00806752685457468,-0.2316550463438034,-0.024700205773115158,0.044094283133745193,0.1668044477701187,0.12138181179761887,0.000439645373262465,0.04230134189128876,-0.15265849232673645,0.10377238690853119,-0.23521259427070618,-0.0039548128843307495,0.1373918503522873,-0.0015105311758816242,0.02006843313574791,-0.0037466585636138916,-0.17756402492523193,0.042553797364234924,0.04900209978222847,-0.1151239424943924,-0.027592351660132408,0.03597212955355644,-0.1131587103009224,-0.030064042657613754,-0.07601921260356903,0.20257243514060974,0.08596054464578629,-0.12547898292541504,-0.14923585951328278,0.061511166393756866,-0.1557067632675171,-0.06190207600593567,0.08026007562875748,-0.1677294671535492,-0.22178508341312408,-0.33835190534591675,-0.02199517749249935,0.45336440205574036,0.1237587034702301,-0.14921431243419647,0.015876399353146553,-0.06641966849565506,0.030287690460681915,0.13594354689121246,0.14954246580600739,0.010315170511603355,0.027480561286211014,-0.1421065330505371,0.02675163373351097,0.21284058690071106,-0.12075064331293106,-0.077752485871315,0.2612527906894684,-0.013643162325024605,0.14665347337722778,0.020141227170825005,0.09906373172998428,-0.0657368078827858,0.02365812100470066,-0.06265737861394882,0.07032743841409683,0.05770716816186905,-0.001126900315284729,0.015658540651202202,0.11196918040513992,-0.13523775339126587,0.033202242106199265,-0.05165323242545128,-0.01953909732401371,0.025378555059432983,-0.03588391840457916,-0.13240790367126465,-0.08985144644975662,0.10978612303733826,-0.19954419136047363,0.13865114748477936,0.16769134998321533,0.04485171660780907,0.1675199717283249,0.12432993203401566,0.07250605523586273,-0.07307399064302444,-0.055430375039577484,-0.2144206166267395,-0.027859142050147057,0.05636009946465492,0.024305108934640884,0.07209791243076324,-0.026807023212313652
-0.014831840991973877,0.06989598274230957,-0.014783212915062904,0.007971708662807941,-0.0842350646853447,-0.0040045795030891895,-0.06264114379882812,-0.14659006893634796,0.1284113973379135,-0.09090062975883484,0.1986602395772934,-0.035905275493860245,-0.2309035211801529,-0.043874338269233704,-0.022990133613348007,0.12059354037046432,-0.18486009538173676,-0.06081557646393776,-0.05615165829658508,-0.03450455516576767,0.06520836800336838,0.0476202592253685,0.06610884517431259,0.022091934457421303,-0.061323851346969604,-0.3108748197555542,-0.10626841336488724,-0.13342788815498352,0.0686894878745079,-0.05036390572786331,-0.03688634932041168,-0.050681665539741516,-0.1459226906299591,-0.036994803696870804,0.01851298101246357,-0.023611988872289658,-0.07687079161405563,-0.10212410241365433,0.2518231272697449,-0.03228111192584038,-0.21351033449172974,-0.023377835750579834,0.04914724826812744,0.16792434453964233,0.1568763554096222,0.03176102042198181,0.03567751497030258,-0.1381145864725113,0.13528743386268616,-0.14955301582813263,0.041145481169223785,0.1503797322511673,0.058249108493328094,0.05979181081056595,0.018143488094210625,-0.1604088991880417,0.01501323189586401,0.06424331665039062,-0.13097350299358368,0.04485253989696503,0.08025427907705307,-0.07481255382299423,0.008796258829534054,-9.837484685704112e-05,0.15495246648788452,-0.0013267381582409143,-0.07790856808423996,-0.1904824674129486,0.05919041857123375,-0.21417447924613953,-0.06144699081778526,0.09884048253297806,-0.13013620674610138,-0.23164881765842438,-0.33961954712867737,-0.00556517206132412,0.38806888461112976,0.11546547710895538,-0.09937180578708649,0.05487088859081268,-0.03226959705352783,-0.06693893671035767,0.1449173092842102,0.1514607071876526,-0.014911574311554432,0.0299014151096344,-0.1160888820886612,0.03282017260789871,0.21630088984966278,-0.13486990332603455,-0.05426672473549843,0.21867573261260986,-0.02994627319276333,0.08697419613599777,0.011563286185264587,0.09717167913913727,-0.08571916073560715,0.022333581000566483,-0.06437133252620697,0.02649092674255371,0.10238607227802277,-0.03493007645010948,0.03267630934715271,0.08056365698575974,-0.1434546262025833,0.0927724540233612,-0.028921015560626984,-0.015375807881355286,4.151090979576111e-05,-0.05678389593958855,-0.1467738002538681,-0.05830450356006622,0.17476406693458557,-0.20278333127498627,0.182564839720726,0.16703730821609497,0.050057828426361084,0.13398773968219757,0.10034872591495514,0.06605076044797897,-0.029705505818128586,-0.027064282447099686,-0.20603863894939423,-0.043741606175899506,0.036491282284259796,0.04844720661640167,0.07266796380281448,-0.0045761349610984325
-0.0434926301240921,0.06580561399459839,0.032916802912950516,-0.04819169640541077,-0.11780329048633575,-0.02457483857870102,-0.0777144581079483,-0.1426222026348114,0.14191490411758423,-0.10249952226877213,0.22370155155658722,-0.03398866206407547,-0.24501000344753265,-0.039055436849594116,-0.10228205472230911,0.21200691163539886,-0.182388037443161,-0.11025148630142212,-0.009498536586761475,-0.03099524788558483,0.0936417281627655,0.06258293986320496,0.06823126971721649,0.04122122749686241,-0.11940961331129074,-0.3061448633670807,-0.06929332762956619,-0.12694290280342102,-0.0919024869799614,-0.018426019698381424,-0.023150498047471046,-0.0070743560791015625,-0.13348840177059174,0.00289069302380085,0.06597599387168884,0.007781170308589935,-0.04492584988474846,-0.14956185221672058,0.24651473760604858,-0.01372005045413971,-0.24657155573368073,-0.0065749771893024445,0.09052084386348724,0.1575104296207428,0.12393593788146973,0.01353171281516552,0.028747670352458954,-0.1824997067451477,0.14224158227443695,-0.21721670031547546,-0.0061339084059000015,0.1273311823606491,-0.008145004510879517,0.034795697778463364,-0.0205894373357296,-0.1610134243965149,0.05242049694061279,0.05647610127925873,-0.11790139973163605,-0.04765468090772629,0.07327982783317566,-0.10072281211614609,-0.03882204741239548,-0.06652011722326279,0.22878435254096985,0.07383033633232117,-0.14341697096824646,-0.15157605707645416,0.04027729481458664,-0.16273833811283112,-0.09275219589471817,0.08285561203956604,-0.1467747837305069,-0.19791555404663086,-0.30785009264945984,-0.030319562181830406,0.42904338240623474,0.07750335335731506,-0.14245231449604034,0.025228053331375122,-0.06257706135511398,0.03967706486582756,0.13339906930923462,0.17212112247943878,0.00524098239839077,0.012467796914279461,-0.11007857322692871,-0.006088464520871639,0.2453681081533432,-0.14525921642780304,-0.0510956346988678,0.24266871809959412,-0.0027789846062660217,0.14164461195468903,0.005996351130306721,0.09072036296129227,-0.07519865781068802,0.039965029805898666,-0.04671921208500862,0.0616665780544281,0.0846424251794815,0.019124018028378487,0.02638188935816288,0.1005999892950058,-0.166042298078537,0.04748615249991417,-0.04570918530225754,-0.02121456153690815,0.051156751811504364,-0.035645097494125366,-0.10196977108716965,-0.0904650017619133,0.11267483234405518,-0.20352831482887268,0.16931748390197754,0.15104033052921295,0.04483909532427788,0.15066824853420258,0.12061990797519684,0.0743795707821846,-0.06699417531490326,-0.029820408672094345,-0.2199402004480362,-0.027228163555264473,0.08884767442941666,0.021302230656147003,0.08533921837806702,-0.03514453023672104
-0.020367875695228577,0.05005830526351929,-0.0007812045514583588,-0.002344141248613596,-0.14915558695793152,0.004389799665659666,-0.0684305801987648,-0.1960860788822174,0.1142168864607811,-0.11706574261188507,0.2394324541091919,-0.05473697558045387,-0.22631798684597015,-0.04146268591284752,-0.05684986338019371,0.14258643984794617,-0.1153385117650032,-0.11727394163608551,0.001902606338262558,-0.04705159366130829,0.0650765597820282,0.05912024527788162,0.0558297298848629,0.057707272469997406,-0.14623665809631348,-0.30633118748664856,-0.08450856059789658,-0.10761375725269318,-0.031794123351573944,-0.024408984929323196,-0.025244303047657013,0.021339304745197296,-0.1408223807811737,0.004322221502661705,0.0572349950671196,0.03974486514925957,-0.05545247718691826,-0.07161116600036621,0.24487151205539703,-0.024285398423671722,-0.2384232133626938,-0.018785078078508377,0.04582952708005905,0.21778932213783264,0.1330985724925995,0.034328050911426544,0.01990344747900963,-0.17163410782814026,0.10562274605035782,-0.15272866189479828,0.08006256818771362,0.13643434643745422,0.0077666412107646465,0.018756743520498276,-0.03619818761944771,-0.15119712054729462,0.013806723058223724,0.08922600746154785,-0.17094574868679047,0.016852574422955513,0.11310267448425293,-0.10949482023715973,-0.009716719388961792,-0.08743143826723099,0.1859806776046753,0.05027058348059654,-0.1091466024518013,-0.15610288083553314,0.05596550926566124,-0.22195172309875488,-0.1093340739607811,0.06394636631011963,-0.15470318496227264,-0.2473415732383728,-0.38322627544403076,0.011200442910194397,0.4361209273338318,0.16199228167533875,-0.1346404105424881,0.015568472445011139,0.04788152500987053,0.0018121292814612389,0.18285800516605377,0.16282780468463898,-0.0022624805569648743,0.008620254695415497,-0.1028139665722847,0.045419055968523026,0.21874991059303284,-0.10136574506759644,-0.08561539649963379,0.2356255203485489,-0.038740433752536774,0.10247084498405457,0.02683897316455841,0.1149468719959259,-0.07638318836688995,0.055107466876506805,-0.08821713179349899,0.05814781412482262,0.04811964929103851,0.0025753285735845566,0.07730979472398758,0.12653565406799316,-0.1471942961215973,0.1298411637544632,-0.05432508885860443,-0.022806866094470024,0.001938631758093834,-0.03768770396709442,-0.1388787180185318,-0.07775218784809113,0.16363215446472168,-0.20271818339824677,0.15483194589614868,0.1423289179801941,0.10508529096841812,0.17640553414821625,0.12331797927618027,0.06879249215126038,-0.03884533420205116,-0.03251880407333374,-0.2513990104198456,-0.017227353528141975,0.07069016247987747,-0.011929336935281754,0.14606890082359314,0.02494165301322937
-0.044155802577733994,-0.02734503149986267,0.022181347012519836,-0.04505100101232529,-0.11046429723501205,-0.026828084141016006,-0.07544348388910294,-0.13677765429019928,0.16168001294136047,-0.0945650264620781,0.2513905167579651,-0.024440182372927666,-0.20348408818244934,-0.0764518454670906,-0.030568469315767288,0.1419280618429184,-0.16689950227737427,-0.07512722909450531,-0.0005543241277337074,-0.03989618644118309,0.058999959379434586,-0.01473818439990282,0.10316634923219681,0.10490753501653671,-0.15735861659049988,-0.33553656935691833,-0.14318133890628815,-0.13000017404556274,-0.03700074553489685,-0.005127888172864914,-0.05964965373277664,0.05560951307415962,-0.11684910207986832,-0.011687731370329857,0.03736351057887077,0.09959569573402405,-0.06538595259189606,-0.10553787648677826,0.21903754770755768,-0.04443119466304779,-0.2229042947292328,-0.0075579737313091755,0.04076875001192093,0.19508183002471924,0.16855745017528534,0.036252524703741074,0.033864058554172516,-0.0673518180847168,0.08646851032972336,-0.22784028947353363,0.06658410280942917,0.16129280626773834,0.012739581987261772,0.03639616072177887,0.03976121544837952,-0.12468454241752625,0.03402746468782425,0.14956164360046387,-0.16712063550949097,-0.053932830691337585,0.0005238433368504047,-0.0759817361831665,0.024341164156794548,-0.06918483227491379,0.2207903265953064,0.1482887715101242,-0.14633987843990326,-0.09146329760551453,0.07618589699268341,-0.1928396224975586,-0.06768710166215897,0.06353891640901566,-0.19083599746227264,-0.24935533106327057,-0.35349270701408386,0.010497543960809708,0.42796799540519714,0.1507144719362259,-0.11437404155731201,0.04879259690642357,-0.035015493631362915,-0.012084293179214,0.08890417218208313,0.12212703377008438,-0.03866655379533768,0.05941113457083702,-0.0999930202960968,0.03197057545185089,0.1665828377008438,-0.0822475254535675,-0.01670783944427967,0.25665462017059326,-0.0008823759853839874,0.08345425128936768,0.048181746155023575,0.09181685000658035,-0.020020999014377594,0.0047670393250882626,-0.11504895985126495,0.06573409587144852,0.04886575788259506,-0.02965002879500389,0.038557685911655426,0.0627356767654419,-0.22131450474262238,0.08303341269493103,-0.009402207098901272,-0.06638053804636002,-0.010387584567070007,-0.039874929934740067,-0.12040581554174423,-0.05407775938510895,0.15704774856567383,-0.30502358078956604,0.12259643524885178,0.19500240683555603,0.08496421575546265,0.20467112958431244,0.06577225029468536,0.04177416115999222,-0.06848379224538803,-0.09431910514831543,-0.16799643635749817,-0.0020257977303117514,0.06889660656452179,0.0027150139212608337,0.07796017825603485,0.03196385130286217
-0.039462845772504807,0.08631382882595062,-0.0028650150634348392,-0.06041210889816284,-0.09251075983047485,0.0008429121226072311,-0.11636704206466675,-0.16395922005176544,0.13990694284439087,-0.12607920169830322,0.22460845112800598,-0.05118664354085922,-0.25427737832069397,-0.10759110748767853,-0.09399325400590897,0.19644105434417725,-0.14863896369934082,-0.19304302334785461,0.02414637804031372,-0.026087533682584763,0.09005118161439896,0.037087686359882355,0.014207836240530014,0.050748858600854874,-0.15681618452072144,-0.332130491733551,-0.11369281262159348,-0.06721670925617218,-0.09112396836280823,-0.03849281370639801,-0.06052246317267418,0.013454539701342583,-0.16527891159057617,-0.019014710560441017,0.08710304647684097,0.09754655510187149,-0.047980714589357376,-0.08619285374879837,0.2013648897409439,0.027852240949869156,-0.23521825671195984,0.06002191826701164,0.08246833086013794,0.21336621046066284,0.12534305453300476,0.04626062884926796,0.025248423218727112,-0.1799398511648178,0.1067735031247139,-0.1626526117324829,0.05678286403417587,0.213797464966774,0.02284304052591324,0.05816192179918289,-0.04093700647354126,-0.12786297500133514,0.02547801472246647,0.09985440969467163,-0.11804122477769852,-0.0014404936227947474,0.11369791626930237,-0.0918499082326889,-0.0372479148209095,-0.05916288122534752,0.1729041039943695,0.0925443172454834,-0.13131183385849,-0.22869551181793213,0.08365479111671448,-0.186294287443161,-0.1507715880870819,0.05326637625694275,-0.1626758873462677,-0.20336315035820007,-0.3327685296535492,0.02258051186800003,0.402278870344162,0.12281335145235062,-0.15047229826450348,0.05504284054040909,-0.0030939304269850254,0.027476996183395386,0.12654758989810944,0.15917840600013733,-0.011424219235777855,0.02967883087694645,-0.11658849567174911,0.007995367981493473,0.2624681890010834,-0.05574000999331474,-0.0701502114534378,0.219831183552742,-0.01078786514699459,0.16502292454242706,0.053148020058870316,0.09430775791406631,-0.07108280807733536,0.03353045880794525,-0.11283907294273376,0.015062455087900162,0.04871731996536255,0.009017313830554485,0.009946931153535843,0.1433195322751999,-0.11537313461303711,0.11759238690137863,-0.03810827434062958,0.002889794297516346,-0.0020564510487020016,0.03607016056776047,-0.11911559104919434,-0.08585983514785767,0.11106933653354645,-0.19093693792819977,0.19868388772010803,0.16652370989322662,0.1257549673318863,0.10224061459302902,0.19809362292289734,0.06738217920064926,-0.021081138402223587,-0.047602202743291855,-0.2406022846698761,-0.06517716497182846,0.053015951067209244,0.006493641994893551,0.12042678892612457,-0.0024012457579374313
-0.06876682490110397,0.07088643312454224,0.008091570809483528,-0.0716124027967453,-0.09687542915344238,-0.018530067056417465,-0.05556052550673485,-0.13854269683361053,0.1286344826221466,-0.1415737122297287,0.2765609622001648,-0.06729725748300552,-0.2572847902774811,-0.03783099353313446,-0.06920470297336578,0.1785474717617035,-0.1278376281261444,-0.11299560219049454,-0.05100521445274353,-0.014307282865047455,0.12439796328544617,0.08154097199440002,0.0012507005594670773,0.07161208242177963,-0.15610620379447937,-0.3134806156158447,-0.07632672041654587,-0.0015920456498861313,-0.08235204964876175,-0.025968994945287704,-0.04655914381146431,0.0711335763335228,-0.14825567603111267,0.012070047669112682,0.05141419917345047,0.10658197104930878,-0.03525454178452492,-0.04692063480615616,0.17322848737239838,0.019585901871323586,-0.24760696291923523,0.04186389595270157,0.07783982157707214,0.26088088750839233,0.1761733740568161,0.0249792467802763,0.013418802991509438,-0.17119084298610687,0.08946073800325394,-0.19840368628501892,0.03527836501598358,0.1484602838754654,0.06003892794251442,0.03534816950559616,-0.01944861188530922,-0.1603294163942337,-0.0008354801684617996,0.14054308831691742,-0.10900747776031494,-0.006788596045225859,0.07172466814517975,-0.10330293327569962,-0.0029614167287945747,-0.09796170890331268,0.1862579733133316,0.04112624377012253,-0.17136095464229584,-0.14156755805015564,0.03666284680366516,-0.18993210792541504,-0.11758694052696228,0.0608457587659359,-0.17448359727859497,-0.23964300751686096,-0.38841092586517334,0.02266094461083412,0.3938513994216919,0.12465375661849976,-0.1966860592365265,0.04806695133447647,0.03571416810154915,0.03974160552024841,0.17083978652954102,0.16746453940868378,-0.03402040898799896,0.025426171720027924,-0.13829009234905243,0.02899588644504547,0.25646156072616577,-0.07466910779476166,-0.059576500207185745,0.2733188271522522,0.008218740113079548,0.0934349074959755,0.03726426884531975,0.08564254641532898,-0.07075364142656326,-0.0010105022229254246,-0.12300527840852737,0.02001798152923584,0.016753779724240303,-0.03881806135177612,-0.0040973154827952385,0.13486044108867645,-0.16430291533470154,0.14282788336277008,-0.029116420075297356,0.020645301789045334,0.016492897644639015,-0.004342338070273399,-0.11156992614269257,-0.0965600237250328,0.11849866807460785,-0.1934136301279068,0.10140253603458405,0.1769677698612213,0.10592897981405258,0.15217630565166473,0.16487272083759308,0.07924002408981323,-0.03551386296749115,0.01946195401251316,-0.2058550864458084,-0.0043620578944683075,0.09680059552192688,-0.01498594880104065,0.14272208511829376,-0.003378764260560274
-0.080817312002182,0.061961401253938675,0.06759069114923477,-0.08124160766601562,-0.1259700059890747,-0.013773773796856403,-0.05989748612046242,-0.14605018496513367,0.1380547434091568,-0.15264682471752167,0.27126529812812805,-0.04998099431395531,-0.2513194978237152,-0.0015046027256175876,-0.06006680801510811,0.1879892349243164,-0.155931293964386,-0.13666139543056488,-0.02936055138707161,0.0026759300380945206,0.07802015542984009,0.08680739253759384,0.037204351276159286,0.04583848640322685,-0.17065107822418213,-0.3076779544353485,-0.13283643126487732,-0.04019605368375778,-0.07035873085260391,-0.02343960478901863,-0.05138116702437401,0.032848093658685684,-0.09642865508794785,0.02374369092285633,0.06714146584272385,0.07910268753767014,-0.09279518574476242,-0.14643412828445435,0.19661633670330048,0.02073582261800766,-0.26876428723335266,0.022304827347397804,0.0342547632753849,0.2483590543270111,0.20073334872722626,0.009591407142579556,0.019394651055336,-0.16563120484352112,0.07560907304286957,-0.24042335152626038,0.028983641415834427,0.16210094094276428,-0.009651458822190762,0.0581858865916729,0.014469249173998833,-0.1256720870733261,0.00594318937510252,0.12940655648708344,-0.11826667934656143,-0.07328258454799652,0.08068972080945969,-0.0769583210349083,0.010817417874932289,-0.12593188881874084,0.168650820851326,0.12574316561222076,-0.1630081981420517,-0.1644754409790039,0.061940230429172516,-0.19952215254306793,-0.15436339378356934,0.0651421919465065,-0.191091850399971,-0.22438882291316986,-0.3375936448574066,-0.017865626141428947,0.35481780767440796,0.1610117107629776,-0.14329329133033752,0.0157695934176445,0.022859418764710426,0.08082859218120575,0.13017840683460236,0.1513253152370453,-0.04028429090976715,0.034465592354536057,-0.11162630468606949,0.008189857937395573,0.22502867877483368,-0.10288199782371521,-0.07112355530261993,0.26362767815589905,-0.002526450902223587,0.06756947934627533,0.07109317183494568,0.10676677525043488,-0.0469638928771019,0.0003868727944791317,-0.12494006752967834,0.01707984320819378,0.0763474851846695,0.009909771382808685,0.028112810105085373,0.17149141430854797,-0.1495550572872162,0.14800409972667694,-0.060936179012060165,0.006847553886473179,0.018279997631907463,-0.04591059312224388,-0.0962594598531723,-0.04723682254552841,0.129126638174057,-0.20506879687309265,0.10356361418962479,0.17532433569431305,0.038946520537137985,0.1302379071712494,0.15078812837600708,0.057258762419223785,-0.09619294106960297,-0.011416316963732243,-0.2100788950920105,-0.03369349241256714,0.08130096644163132,0.0402989462018013,0.12074926495552063,-0.01151794008910656
-0.04537668079137802,0.07305557280778885,-0.006330042611807585,-0.08398237079381943,-0.0861586481332779,-0.04190592095255852,-0.08308791369199753,-0.16277799010276794,0.13728272914886475,-0.09755220264196396,0.22001531720161438,-0.03979416564106941,-0.24032898247241974,-0.14941227436065674,-0.0904446691274643,0.18232865631580353,-0.17235766351222992,-0.16512110829353333,0.022168969735503197,-0.0117686428129673,0.11159352213144302,0.03834659233689308,0.04873679578304291,0.06119639798998833,-0.15685664117336273,-0.3204975128173828,-0.11116263270378113,-0.08750776946544647,-0.07696085423231125,-0.03921695053577423,-0.0417344905436039,0.04007693752646446,-0.18580424785614014,-0.0270534735172987,0.06349463760852814,0.10037034004926682,-0.0200054869055748,-0.08964841067790985,0.1971510499715805,0.026631321758031845,-0.24378328025341034,0.03852316737174988,0.07066665589809418,0.21005670726299286,0.14536382257938385,0.03222629800438881,0.027038011699914932,-0.1680075228214264,0.12396004050970078,-0.15415246784687042,0.03784482553601265,0.1806163787841797,0.013220006600022316,0.04491819441318512,-0.058259058743715286,-0.12533457577228546,0.05714842304587364,0.09793976694345474,-0.1580795794725418,-0.019369082525372505,0.10349863767623901,-0.11940380185842514,-0.02401203289628029,-0.04380083084106445,0.17566728591918945,0.06563648581504822,-0.1243043914437294,-0.20053426921367645,0.08624665439128876,-0.20235319435596466,-0.12390358000993729,0.0757405087351799,-0.1650741547346115,-0.19365791976451874,-0.35129594802856445,0.015042354352772236,0.3836193084716797,0.12868840992450714,-0.13541185855865479,0.04698273912072182,-0.02617332898080349,0.03464587405323982,0.13404810428619385,0.1625256985425949,-0.01604536920785904,0.060919273644685745,-0.13521920144557953,0.017969951033592224,0.26091858744621277,-0.0629228726029396,-0.06496621668338776,0.24937692284584045,0.004721532575786114,0.16334481537342072,0.044083043932914734,0.06473063677549362,-0.05059831589460373,0.04108166694641113,-0.1049540564417839,0.04831307753920555,0.047129686921834946,-0.01073414459824562,0.010032461024820805,0.13609032332897186,-0.12060500681400299,0.08889224380254745,-0.029089441522955894,-0.01124661322683096,-0.024005388841032982,-0.0163569375872612,-0.11231671273708344,-0.09241437911987305,0.10181531310081482,-0.18768750131130219,0.20089390873908997,0.18293710052967072,0.1380414068698883,0.11334069073200226,0.17154543101787567,0.05760334059596062,-0.04047684744000435,-0.07354050874710083,-0.21645769476890564,-0.028895549476146698,0.09298115223646164,-0.005678335204720497,0.14494144916534424,-0.014783915132284164
-0.0924028679728508,0.10546834766864777,0.007469637785106897,-0.017877165228128433,-0.08906041830778122,-0.041407693177461624,-0.08662755787372589,-0.13157761096954346,0.12579543888568878,-0.07678715884685516,0.24516308307647705,-0.05825125053524971,-0.18990154564380646,-0.0847855880856514,-0.08128853142261505,0.1912030577659607,-0.17174118757247925,-0.15909400582313538,-0.033256761729717255,-0.013900289312005043,0.12110652029514313,0.05609402433037758,-0.042054545134305954,0.028253260999917984,-0.19404219090938568,-0.31082525849342346,-0.08573847264051437,-0.07698649913072586,-0.04217915236949921,-0.03479164466261864,-0.02658296748995781,0.022388696670532227,-0.21098268032073975,-0.03334718197584152,0.07599317282438278,0.09782768040895462,0.02300199866294861,-0.05038212612271309,0.20426258444786072,0.04754333943128586,-0.22573751211166382,0.09958255290985107,0.06035676598548889,0.2306731641292572,0.1421818882226944,0.06442714482545853,0.04213312268257141,-0.19376930594444275,0.11857788264751434,-0.10377109795808792,0.03280600160360336,0.16985522210597992,0.0744149386882782,0.07996942847967148,-0.06436330080032349,-0.14188332855701447,0.019009355455636978,0.08357850462198257,-0.16357392072677612,-0.046990882605314255,0.08617858588695526,-0.08663027733564377,-0.025000635534524918,-0.09598395973443985,0.15464411675930023,0.007420879323035479,-0.09542698413133621,-0.1717206984758377,0.09723248332738876,-0.1834055781364441,-0.11195506900548935,0.06104041263461113,-0.12409676611423492,-0.18302054703235626,-0.3786354064941406,0.02742951549589634,0.41679105162620544,0.11839407682418823,-0.195811927318573,0.05402205139398575,-0.005405997391790152,-0.019647611305117607,0.10932803153991699,0.1427987515926361,-0.003692595288157463,0.0549272783100605,-0.08157578110694885,0.01774475909769535,0.2857621908187866,-0.044064462184906006,-0.003644092008471489,0.2076333910226822,0.028284307569265366,0.08679743111133575,0.02130676805973053,0.03755614161491394,-0.05665859580039978,0.007807758636772633,-0.03519647568464279,0.008967026136815548,-0.010039079003036022,-0.0015230849385261536,0.011139007285237312,0.11575649678707123,-0.1841413676738739,0.13530214130878448,-0.013671360909938812,-0.0229276604950428,-0.04514381289482117,0.029036827385425568,-0.05732477456331253,-0.08413175493478775,0.12260843068361282,-0.20810484886169434,0.1562039852142334,0.18385890126228333,0.05810340493917465,0.14774943888187408,0.11913226544857025,0.10851780325174332,-0.0798000618815422,0.006574063561856747,-0.22881317138671875,-0.06745816022157669,0.06940177083015442,0.0015415525995194912,0.1475038230419159,0.014384790323674679
-0.1165798231959343,0.10469440370798111,0.01157369464635849,-0.04068582504987717,-0.10137758404016495,0.008192963898181915,-0.07521602511405945,-0.13020344078540802,0.14822761714458466,-0.09550591558218002,0.24925071001052856,-0.05155567824840546,-0.18029536306858063,-0.05737641826272011,-0.07729600369930267,0.18863151967525482,-0.17900481820106506,-0.14005430042743683,-0.04189535975456238,-0.01721852272748947,0.10468225926160812,0.0685899555683136,-0.023513948544859886,0.01824089325964451,-0.17012956738471985,-0.3356032371520996,-0.10120810568332672,-0.052246563136577606,-0.003299843519926071,-0.023204123601317406,-0.03126038610935211,0.0065430449321866035,-0.20702095329761505,-0.01806318573653698,0.05394791066646576,0.09668980538845062,-0.014257974922657013,-0.07090917229652405,0.18613716959953308,0.027387745678424835,-0.23334026336669922,0.09428974241018295,0.04929816722869873,0.22657117247581482,0.1654433161020279,0.07781670987606049,0.03078930452466011,-0.19247230887413025,0.09735538065433502,-0.1179850697517395,0.03832674399018288,0.16622358560562134,0.038779497146606445,0.09198565036058426,-0.05056331306695938,-0.15040074288845062,0.007238198071718216,0.08726328611373901,-0.10803575068712234,-0.05561406537890434,0.06806731969118118,-0.06365704536437988,0.002803502604365349,-0.10403530299663544,0.16460563242435455,0.017198044806718826,-0.10848560929298401,-0.18934288620948792,0.0922643169760704,-0.16888123750686646,-0.11528685688972473,0.06411650031805038,-0.13312552869319916,-0.20007044076919556,-0.3706856369972229,0.05716907978057861,0.43589138984680176,0.13722142577171326,-0.18763545155525208,0.043006300926208496,-0.0023592389188706875,-0.006174225360155106,0.12444571405649185,0.16285473108291626,-0.016857363283634186,0.032280515879392624,-0.09115101397037506,0.0012298263609409332,0.28001904487609863,-0.051400326192379,-0.03502854332327843,0.21991901099681854,0.022107891738414764,0.09067444503307343,0.015119846910238266,0.08305653929710388,-0.06313468515872955,0.03764956071972847,-0.049561746418476105,-0.0016000950708985329,0.04324209690093994,0.006072963587939739,0.007034923881292343,0.1517699807882309,-0.18040141463279724,0.1818137913942337,-0.020767105743288994,0.0017407527193427086,-0.012998539954423904,0.029589306563138962,-0.0565120205283165,-0.061460841447114944,0.12778174877166748,-0.2195323258638382,0.1632690280675888,0.2024911791086197,0.05525286868214607,0.17252761125564575,0.15016977488994598,0.12246287614107132,-0.06530294567346573,0.028949687257409096,-0.23710981011390686,-0.0716509073972702,0.06247029826045036,0.011301970109343529,0.12885282933712006,0.03708525747060776
-0.12977102398872375,0.07095406949520111,0.014496603049337864,-0.04076036438345909,-0.08799398690462112,-0.02132226713001728,-0.08045856654644012,-0.11356037855148315,0.10451003909111023,-0.08965214341878891,0.25441333651542664,-0.057369671761989594,-0.20024509727954865,-0.07349113374948502,-0.08171112835407257,0.19258056581020355,-0.1782090663909912,-0.14067156612873077,-0.04646426439285278,-0.0401986688375473,0.09334661066532135,0.054084304720163345,-0.032404109835624695,0.04617733508348465,-0.18371714651584625,-0.33807384967803955,-0.09852463752031326,-0.07778964936733246,-0.019697081297636032,-0.03377354517579079,-0.03450256213545799,0.011807071976363659,-0.18873120844364166,0.01939402148127556,0.06419216096401215,0.11770375072956085,-0.0009659142233431339,-0.05199124664068222,0.1721649318933487,0.04866083711385727,-0.24755218625068665,0.07623808830976486,0.05713718384504318,0.24845190346240997,0.17500853538513184,0.06625305861234665,0.018186146393418312,-0.19373206794261932,0.11381479352712631,-0.10955952852964401,0.06788676232099533,0.18553759157657623,0.01835041120648384,0.09577202796936035,-0.02859393134713173,-0.12337467819452286,0.0011753197759389877,0.10287679731845856,-0.1354655772447586,-0.034554868936538696,0.05187343806028366,-0.07584468275308609,-0.014486017636954784,-0.11764819920063019,0.15196046233177185,0.05179879814386368,-0.12386833131313324,-0.2291545867919922,0.11662280559539795,-0.20446233451366425,-0.11393013596534729,0.10179218649864197,-0.13803042471408844,-0.18515485525131226,-0.35938560962677,0.0585288479924202,0.4456138014793396,0.1249757930636406,-0.17785130441188812,0.037520647048950195,-0.024234198033809662,-0.05420529842376709,0.15107034146785736,0.17974095046520233,0.027734920382499695,0.009763902053236961,-0.08772113919258118,-0.0030100345611572266,0.272553414106369,-0.057042643427848816,-0.021620536223053932,0.21278920769691467,-0.0012662373483181,0.07180998474359512,0.014694971963763237,0.09307553619146347,-0.10726600885391235,0.048732440918684006,-0.03591667488217354,-0.040955159813165665,0.02678247168660164,-0.009119793772697449,0.011529188603162766,0.12223786115646362,-0.14485317468643188,0.15561486780643463,-0.0013398716691881418,0.015563267283141613,0.014082652516663074,0.04756895825266838,-0.06546125560998917,-0.11268333345651627,0.11964883655309677,-0.23452776670455933,0.1910465806722641,0.18559874594211578,0.06920091807842255,0.1316152811050415,0.1308717578649521,0.13820680975914001,-0.06525791436433792,-0.001177496276795864,-0.2183389663696289,-0.03807910531759262,0.04122540354728699,0.017294472083449364,0.09339790046215057,0.0036071734502911568
